[{"@type":"dssTask","id":"@1","name":"02622502_Saved query","description":"","maxLogs":10,"sourceConnectionId":"@cvlA8hSrJMWjemkwKCuN0q","targetConnectionId":"@8AKpzroIqbHcf5lbMN5FmE","targetObject":"02622502_savedquery.csv","operation":"Insert","maxRows":0,"truncateTarget":false,"bulkApiDBTarget":false,"verbose":false,"tgtFlatFileAttrs":{"@type":"flatFileAttrs","id":2480255,"delimiter":",","textQualifier":"\"","escapeChar":"","headerLineNo":1,"firstDataRow":2},"targetMetadataUpdated":false,"modelVersion":"V3-R600","customSourceId":"@8HHzvRwZkcGfzpNPvt3I0J","queryAll":false,"srcSettings":{"@type":"taskDataSourceSetting","isShowLabels":false,"isNaturalOrder":true},"tgtSettings":{"@type":"taskDataSourceSetting","isShowLabels":false,"isNaturalOrder":true},"cfSettings":{"@type":"taskDataSourceSetting","isShowLabels":false,"isNaturalOrder":false},"bulkApi":false,"bulkApiSerialMode":false,"bulkApiMonitor":false,"isTargetObjectSfCustom":false,"allowNullUpdates":false,"targetBatchSize":200,"assignmentRuleId":"-1","assignmentRuleType":"None","createSuccessFile":false,"bulkApiHardDelete":false,"parameterFileEncoding":"UTF-8","serverlessProperties":{},"sourceObjects":[],"advancedFilters":[],"filters":[],"fieldMaps":[{"@type":"fieldMap","id":"18492086","targetField":{"@type":"field","id":46938532,"name":"CONTRACT_NUMBER","type":"nstring","uniqueName":"CONTRACT_NUMBER","label":"CONTRACT_NUMBER","parentObject":"02622502_savedquery.csv","pcType":"UNISTRING","precision":1300,"scale":0,"columnIndex":0,"isKey":false,"isExternalId":false,"isSfIdLookup":false,"isNullable":true,"isUnique":false,"isCreateable":false,"isUpdateable":true,"isFilterable":true,"isCalculated":false,"showLabel":false,"naturalOrder":0,"linkedFields":["CONTRACT_NUMBER"],"relatedInfos":[],"references":[]},"expression":"CONTRACT_NUMBER"},{"@type":"fieldMap","id":"18492087","targetField":{"@type":"field","id":46938533,"name":"LEAD_ID","type":"nstring","uniqueName":"LEAD_ID","label":"LEAD_ID","parentObject":"02622502_savedquery.csv","pcType":"UNISTRING","precision":80,"scale":0,"columnIndex":1,"isKey":false,"isExternalId":false,"isSfIdLookup":false,"isNullable":true,"isUnique":false,"isCreateable":false,"isUpdateable":true,"isFilterable":true,"isCalculated":false,"showLabel":false,"naturalOrder":0,"linkedFields":["LEAD_ID"],"relatedInfos":[],"references":[]},"expression":"LEAD_ID"},{"@type":"fieldMap","id":"18492088","targetField":{"@type":"field","id":46938534,"name":"ASSIGNED_DEALER_ID","type":"nstring","uniqueName":"ASSIGNED_DEALER_ID","label":"ASSIGNED_DEALER_ID","parentObject":"02622502_savedquery.csv","pcType":"UNISTRING","precision":20,"scale":0,"columnIndex":2,"isKey":false,"isExternalId":false,"isSfIdLookup":false,"isNullable":true,"isUnique":false,"isCreateable":false,"isUpdateable":true,"isFilterable":true,"isCalculated":false,"showLabel":false,"naturalOrder":0,"linkedFields":["ASSIGNED_DEALER_ID"],"relatedInfos":[],"references":[]},"expression":"ASSIGNED_DEALER_ID"},{"@type":"fieldMap","id":"18492089","targetField":{"@type":"field","id":46938535,"name":"ASSIGNED_SERVICE_ADVISOR","type":"nstring","uniqueName":"ASSIGNED_SERVICE_ADVISOR","label":"ASSIGNED_SERVICE_ADVISOR","parentObject":"02622502_savedquery.csv","pcType":"UNISTRING","precision":121,"scale":0,"columnIndex":3,"isKey":false,"isExternalId":false,"isSfIdLookup":false,"isNullable":true,"isUnique":false,"isCreateable":false,"isUpdateable":true,"isFilterable":true,"isCalculated":false,"showLabel":false,"naturalOrder":0,"linkedFields":["ASSIGNED_SERVICE_ADVISOR"],"relatedInfos":[],"references":[]},"expression":"ASSIGNED_SERVICE_ADVISOR"},{"@type":"fieldMap","id":"18492090","targetField":{"@type":"field","id":46938536,"name":"ASSIGNED_SERVICE_ADVISOR_EMAIL","type":"nstring","uniqueName":"ASSIGNED_SERVICE_ADVISOR_EMAIL","label":"ASSIGNED_SERVICE_ADVISOR_EMAIL","parentObject":"02622502_savedquery.csv","pcType":"UNISTRING","precision":128,"scale":0,"columnIndex":4,"isKey":false,"isExternalId":false,"isSfIdLookup":false,"isNullable":true,"isUnique":false,"isCreateable":false,"isUpdateable":true,"isFilterable":true,"isCalculated":false,"showLabel":false,"naturalOrder":0,"linkedFields":["ASSIGNED_SERVICE_ADVISOR_EMAIL"],"relatedInfos":[],"references":[]},"expression":"ASSIGNED_SERVICE_ADVISOR_EMAIL"},{"@type":"fieldMap","id":"18492091","targetField":{"@type":"field","id":46938537,"name":"CUSTOMER_INTENTION","type":"nstring","uniqueName":"CUSTOMER_INTENTION","label":"CUSTOMER_INTENTION","parentObject":"02622502_savedquery.csv","pcType":"UNISTRING","precision":255,"scale":0,"columnIndex":5,"isKey":false,"isExternalId":false,"isSfIdLookup":false,"isNullable":true,"isUnique":false,"isCreateable":false,"isUpdateable":true,"isFilterable":true,"isCalculated":false,"showLabel":false,"naturalOrder":0,"linkedFields":["CUSTOMER_INTENTION"],"relatedInfos":[],"references":[]},"expression":"CUSTOMER_INTENTION"},{"@type":"fieldMap","id":"18492092","targetField":{"@type":"field","id":46938538,"name":"NAME","type":"nstring","uniqueName":"NAME","label":"NAME","parentObject":"02622502_savedquery.csv","pcType":"UNISTRING","precision":80,"scale":0,"columnIndex":6,"isKey":false,"isExternalId":false,"isSfIdLookup":false,"isNullable":true,"isUnique":false,"isCreateable":false,"isUpdateable":true,"isFilterable":true,"isCalculated":false,"showLabel":false,"naturalOrder":0,"linkedFields":["NAME"],"relatedInfos":[],"references":[]},"expression":"NAME"}],"sourceFields":[{"@type":"field","id":46938539,"name":"CONTRACT_NUMBER","type":"nvarchar","uniqueName":"CONTRACT_NUMBER","label":"CONTRACT_NUMBER","parentObject":"02622502_test","pcType":"UNISTRING","precision":1300,"scale":0,"columnIndex":0,"isKey":false,"isExternalId":false,"isSfIdLookup":false,"isNullable":true,"isUnique":false,"isCreateable":false,"isUpdateable":true,"isFilterable":true,"isCalculated":false,"showLabel":false,"naturalOrder":0,"linkedFields":["CONTRACT_NUMBER"],"relatedInfos":[],"references":[]},{"@type":"field","id":46938540,"name":"LEAD_ID","type":"nvarchar","uniqueName":"LEAD_ID","label":"LEAD_ID","parentObject":"02622502_test","pcType":"UNISTRING","precision":80,"scale":0,"columnIndex":1,"isKey":false,"isExternalId":false,"isSfIdLookup":false,"isNullable":true,"isUnique":false,"isCreateable":false,"isUpdateable":true,"isFilterable":true,"isCalculated":false,"showLabel":false,"naturalOrder":0,"linkedFields":["LEAD_ID"],"relatedInfos":[],"references":[]},{"@type":"field","id":46938541,"name":"ASSIGNED_DEALER_ID","type":"nvarchar","uniqueName":"ASSIGNED_DEALER_ID","label":"ASSIGNED_DEALER_ID","parentObject":"02622502_test","pcType":"UNISTRING","precision":20,"scale":0,"columnIndex":2,"isKey":false,"isExternalId":false,"isSfIdLookup":false,"isNullable":true,"isUnique":false,"isCreateable":false,"isUpdateable":true,"isFilterable":true,"isCalculated":false,"showLabel":false,"naturalOrder":0,"linkedFields":["ASSIGNED_DEALER_ID"],"relatedInfos":[],"references":[]},{"@type":"field","id":46938542,"name":"ASSIGNED_SERVICE_ADVISOR","type":"nvarchar","uniqueName":"ASSIGNED_SERVICE_ADVISOR","label":"ASSIGNED_SERVICE_ADVISOR","parentObject":"02622502_test","pcType":"UNISTRING","precision":121,"scale":0,"columnIndex":3,"isKey":false,"isExternalId":false,"isSfIdLookup":false,"isNullable":true,"isUnique":false,"isCreateable":false,"isUpdateable":true,"isFilterable":true,"isCalculated":false,"showLabel":false,"naturalOrder":0,"linkedFields":["ASSIGNED_SERVICE_ADVISOR"],"relatedInfos":[],"references":[]},{"@type":"field","id":46938543,"name":"ASSIGNED_SERVICE_ADVISOR_EMAIL","type":"nvarchar","uniqueName":"ASSIGNED_SERVICE_ADVISOR_EMAIL","label":"ASSIGNED_SERVICE_ADVISOR_EMAIL","parentObject":"02622502_test","pcType":"UNISTRING","precision":128,"scale":0,"columnIndex":4,"isKey":false,"isExternalId":false,"isSfIdLookup":false,"isNullable":true,"isUnique":false,"isCreateable":false,"isUpdateable":true,"isFilterable":true,"isCalculated":false,"showLabel":false,"naturalOrder":0,"linkedFields":["ASSIGNED_SERVICE_ADVISOR_EMAIL"],"relatedInfos":[],"references":[]},{"@type":"field","id":46938544,"name":"CUSTOMER_INTENTION","type":"nvarchar","uniqueName":"CUSTOMER_INTENTION","label":"CUSTOMER_INTENTION","parentObject":"02622502_test","pcType":"UNISTRING","precision":255,"scale":0,"columnIndex":5,"isKey":false,"isExternalId":false,"isSfIdLookup":false,"isNullable":true,"isUnique":false,"isCreateable":false,"isUpdateable":true,"isFilterable":true,"isCalculated":false,"showLabel":false,"naturalOrder":0,"linkedFields":["CUSTOMER_INTENTION"],"relatedInfos":[],"references":[]},{"@type":"field","id":46938545,"name":"NAME","type":"nvarchar","uniqueName":"NAME","label":"NAME","parentObject":"02622502_test","pcType":"UNISTRING","precision":80,"scale":0,"columnIndex":6,"isKey":false,"isExternalId":false,"isSfIdLookup":false,"isNullable":true,"isUnique":false,"isCreateable":false,"isUpdateable":true,"isFilterable":true,"isCalculated":false,"showLabel":false,"naturalOrder":0,"linkedFields":["NAME"],"relatedInfos":[],"references":[]}],"sortFields":[],"groupFields":[]}]