[{"@type":"mappingTemplate","id":"@1","name":"m_adlsgen2_repro","description":"","bundleVersion":"0","templateId":"@3","deployTime":1635828526000,"hasParameters":true,"valid":true,"fixedConnection":true,"hasParametersDeployed":true,"fixedConnectionDeployed":true,"tasks":1,"mappingPreviewFileRecordId":"@2","documentType":"MAPPING","references":[{"@type":"reference","refObjectId":"@aojycmojtQvhUhkQiiDrIf","refType":"connection"},{"@type":"reference","refObjectId":"@4GXJpFn5sWXfa6rEafXhcn","refType":"connection"}]}]