[{"@type":"mappingTemplate","id":"@1","name":"02628644","description":"","bundleVersion":"0","templateId":"@3","deployTime":1570081616000,"hasParameters":false,"valid":true,"fixedConnection":true,"hasParametersDeployed":false,"fixedConnectionDeployed":true,"tasks":1,"mappingPreviewFileRecordId":"@2","documentType":"","references":[{"@type":"reference","refObjectId":"@8e4x65iTKSIhMnTvzMD0uC","refType":"connection"},{"@type":"reference","refObjectId":"@8AKpzroIqbHcf5lbMN5FmE","refType":"connection"}]}]