[{"@type":"mappingTemplate","id":"@1","name":"Final_RESTV2","description":"","bundleVersion":"0","templateId":"@3","deployTime":1596592102000,"hasParameters":false,"valid":true,"fixedConnection":true,"hasParametersDeployed":false,"fixedConnectionDeployed":true,"tasks":0,"mappingPreviewFileRecordId":"@2","documentType":"","references":[{"@type":"reference","refObjectId":"@42FwBESLDgUcFnj6Ko8veE","refType":"businessService"},{"@type":"reference","refObjectId":"@8AKpzroIqbHcf5lbMN5FmE","refType":"connection"}]}]