[{"@type":"mappingTemplate","id":"@1","name":"02624607","description":"","bundleVersion":"0","templateId":"@3","deployTime":1570097843000,"hasParameters":false,"valid":true,"fixedConnection":true,"hasParametersDeployed":false,"fixedConnectionDeployed":true,"tasks":0,"mappingPreviewFileRecordId":"@2","documentType":"","references":[{"@type":"reference","refObjectId":"@cvlA8hSrJMWjemkwKCuN0q","refType":"connection"},{"@type":"reference","refObjectId":"@7eflAFw3kvoehI3LxiVPGq","refType":"connection"}]}]