[{"@type":"mappingTemplate","id":"@1","name":"m_TestGit - Copy 1","description":"Testing git pull - Version 1","bundleVersion":"0","templateId":"@3","hasParameters":false,"valid":false,"fixedConnection":true,"hasParametersDeployed":false,"fixedConnectionDeployed":false,"tasks":0,"mappingPreviewFileRecordId":"@2","documentType":"MAPPING","references":[{"@type":"reference","refObjectId":"@5Quz9le1ifSlOwkk8kCysR","refType":"connection"},{"@type":"reference","refObjectId":"@0eXQxcCgkyhigwwrkYc4Yj","refType":"connection"}]}]