[{"@type":"mtTask","id":"@1","name":"mt_Repro_Parameterization","description":"","errorTaskEmail":{"@type":"taskEmail","id":2977192,"emails":"vnr@informatica.com","emailType":"ERROR"},"successTaskEmail":{"@type":"taskEmail","id":2977195,"emails":"vnr@informatica.com","emailType":"SUCCESS"},"warningTaskEmail":{"@type":"taskEmail","id":2977198,"emails":"vnr@informatica.com","emailType":"WARNING"},"runtimeEnvironmentId":"@5m7TeORpMmKd92RzxewCW3","maxLogs":10,"verbose":false,"lastRunTime":1638855776000,"mappingId":"@0SV2bCrPQlPeSWxxJkBYCc","shortDescription":"","sessionPropertiesList":[{"name":"Allow Temporary Sequence for Pushdown","value":"NO","recommended":false},{"name":"Allow Temporary View for Pushdown","value":"NO","recommended":false},{"name":"Pushdown Optimization","value":"None","recommended":false}],"enableCrossSchemaPushdown":true,"enableParallelRun":false,"autoTunedApplied":false,"autoTunedAppliedType":"NONE","paramFileType":"PARAM_FILE_LOCAL","schemaMode":"async","parameterFileEncoding":"UTF-8","serverlessProperties":{},"taskProperties":[{"@type":"taskProperty","name":"parameterFileDir","currentValue":"","type":"STRING","label":"label.parameterFileDir","required":false},{"@type":"taskProperty","name":"parameterFileName","currentValue":"","type":"STRING","label":"label.parameterFileName","required":false}],"parameters":[{"@type":"mtTaskParameter","id":411443476,"name":"$Source_FF$","type":"EXTENDED_SOURCE","label":"Src_Conn","description":"","uiProperties":{"connectionParameterized":"true","logcnx":"Src_Conn","isMsrcFilterParameterized":"false","isMsrcSortParameterized":"false","objlabel":"Src_Obj","objectParameterized":"true","objDesc":""},"sourceConnectionId":"@6gkr9x4r9iRec2QCExbdMv","newFlatFile":false,"newObject":false,"showBusinessNames":true,"naturalOrder":true,"truncateTarget":false,"bulkApiDBTarget":false,"customFuncCfg":{"@type":"customFuncConfig","id":-1,"connections":[],"inputMap":[],"outputFields":[]},"tgtFieldRefs":{},"targetUpdateColumns":[],"extendedObject":{"@type":"extendedObject","object":{"@type":"mObject","name":"Names_Short.csv","label":"Names_Short.csv","metadataUpdated":false,"relations":[],"children":[]},"objects":[{"@type":"mObject","name":"Names_Short.csv","label":"Names_Short.csv","metadataUpdated":false,"relations":[],"children":[]}],"filters":[],"sortFields":[]},"runtimeAttrs":{},"isRESTModernSource":true,"isFileList":false,"handleSpecialChars":false,"frsAsset":false,"dynamicFileName":false,"currentlyProcessedFileName":true,"tgtObjectAttributes":{},"runtimeParameterData":{"@type":"mtTaskRuntimeParameterData","isConnectionRuntimeParameter":false,"isObjectRuntimeParameter":false,"connectionParameterName":"Src_Conn","objectParameterName":"Src_Obj"},"overriddenFields":[]},{"@type":"mtTaskParameter","id":411443479,"name":"$Target$","type":"TARGET","label":"Tgt_Conn","description":"","uiProperties":{"connectionParameterized":"true","logcnx":"Tgt_Conn","objlabel":"Tgt_Obj","objectParameterized":"true","objDesc":"","defaultTargetUpdateColumns":"","supportApplyDDLChanges":"true"},"targetConnectionId":"@1qc7jUspjAukQZkW0nvq6c","targetObject":"public/TABLE//Nov2_Test_1_eve2020","targetObjectLabel":"Nov2_Test_1_eve2020","newFlatFile":false,"newObject":true,"showBusinessNames":true,"naturalOrder":true,"newObjectName":"public/TABLE//Nov2_Test_1_eve2020","truncateTarget":false,"bulkApiDBTarget":false,"operationType":"Insert","customFuncCfg":{"@type":"customFuncConfig","id":-1,"connections":[],"inputMap":[],"outputFields":[]},"tgtFieldRefs":{},"targetUpdateColumns":[],"extendedObject":{"@type":"extendedObject","filters":[],"sortFields":[]},"runtimeAttrs":{},"isRESTModernSource":true,"isFileList":false,"handleSpecialChars":false,"frsAsset":false,"dynamicFileName":false,"currentlyProcessedFileName":false,"objectName":"public/TABLE//Nov2_Test_1_eve2020","objectLabel":"Nov2_Test_1_eve2020","tgtObjectAttributes":{"parent":"public/TABLE/"},"targetSchemaMode":"DONT_APPLY_CHANGES","runtimeParameterData":{"@type":"mtTaskRuntimeParameterData","isConnectionRuntimeParameter":false,"isObjectRuntimeParameter":false,"connectionParameterName":"Tgt_Conn","objectParameterName":"Tgt_Obj"},"overriddenFields":[]},{"@type":"mtTaskParameter","id":411443482,"name":"$p_Exp_Fields$","type":"STRING","text":"","label":"p_Exp_Fields","description":"","uiProperties":{"paramtype":"ExpressionEditor","caption":"Expressions","required":"false","templateData":"$p_Exp_Fields$","default":"$p_Exp_Fields$"},"newFlatFile":false,"newObject":false,"showBusinessNames":true,"naturalOrder":true,"truncateTarget":false,"bulkApiDBTarget":false,"customFuncCfg":{"@type":"customFuncConfig","id":-1,"connections":[],"inputMap":[],"outputFields":[]},"tgtFieldRefs":{},"targetUpdateColumns":[],"runtimeAttrs":{},"isRESTModernSource":true,"isFileList":false,"handleSpecialChars":false,"frsAsset":false,"dynamicFileName":false,"currentlyProcessedFileName":false,"tgtObjectAttributes":{},"runtimeParameterData":{"@type":"mtTaskRuntimeParameterData","isConnectionRuntimeParameter":false,"isObjectRuntimeParameter":false},"overriddenFields":[]}],"sequences":[],"inOutParameters":[],"connRuntimeAttrs":[]}]