[{"@type":"mappingTemplate","id":"@1","name":"m_TestJob2","description":"","bundleVersion":"0","templateId":"@3","deployTime":1634035909000,"hasParameters":false,"valid":true,"fixedConnection":true,"hasParametersDeployed":false,"fixedConnectionDeployed":true,"tasks":1,"mappingPreviewFileRecordId":"@2","documentType":"MAPPING","references":[{"@type":"reference","refObjectId":"@5Quz9le1ifSlOwkk8kCysR","refType":"connection"},{"@type":"reference","refObjectId":"@0eXQxcCgkyhigwwrkYc4Yj","refType":"connection"}]}]