[{"@type":"mappingTemplate","id":"@1","name":"emp_seq","description":"","bundleVersion":"0","templateId":"@3","deployTime":1609927874000,"hasParameters":false,"valid":true,"fixedConnection":true,"hasParametersDeployed":false,"fixedConnectionDeployed":true,"tasks":0,"mappingPreviewFileRecordId":"@2","documentType":"MAPPING","references":[{"@type":"reference","refObjectId":"@3MawG0bzSa3kwX5RhOFR46","refType":"connection"},{"@type":"reference","refObjectId":"@lnldgU3JDOkgJ7djjIzDca","refType":"connection"}]}]