[{"@type":"mappingTemplate","id":"@1","name":"ReproMapping","description":"","bundleVersion":"0","templateId":"@3","deployTime":1634907404000,"hasParameters":false,"valid":true,"fixedConnection":true,"hasParametersDeployed":false,"fixedConnectionDeployed":true,"tasks":0,"mappingPreviewFileRecordId":"@2","documentType":"MAPPING","references":[{"@type":"reference","refObjectId":"@1vZ1CHEx1nof3JOA22f5eG","refType":"connection"},{"@type":"reference","refObjectId":"@7ILw2OPJmaodfHHFrwu7oT","refType":"connection"}]}]