[{"@type":"mappingTemplate","id":"@1","name":"m_TestGit_Modified","description":"Testing git pull - Version 2","bundleVersion":"0","templateId":"@3","deployTime":1635316810000,"hasParameters":false,"valid":true,"fixedConnection":true,"hasParametersDeployed":false,"fixedConnectionDeployed":true,"tasks":0,"mappingPreviewFileRecordId":"@2","documentType":"MAPPING","references":[{"@type":"reference","refObjectId":"@5Quz9le1ifSlOwkk8kCysR","refType":"connection"},{"@type":"reference","refObjectId":"@0eXQxcCgkyhigwwrkYc4Yj","refType":"connection"}]}]