[{"@type":"mappingTemplate","id":"@1","name":"02628644_2","description":"","bundleVersion":"0","templateId":"@3","deployTime":1570172705000,"hasParameters":false,"valid":false,"fixedConnection":true,"hasParametersDeployed":false,"fixedConnectionDeployed":true,"tasks":0,"mappingPreviewFileRecordId":"@2","documentType":"","references":[{"@type":"reference","refObjectId":"@8e4x65iTKSIhMnTvzMD0uC","refType":"connection"},{"@type":"reference","refObjectId":"@8AKpzroIqbHcf5lbMN5FmE","refType":"connection"}]}]