[{"@type":"dssTask","id":"@1","name":"V1","description":"","maxLogs":10,"sourceConnectionId":"@6sEsYepRfq4dcHYmDOZ0yz","targetConnectionId":"@6sEsYepRfq4dcHYmDOZ0yz","targetObject":"linux_test.txt","targetObjectLabel":"linux_test.txt","operation":"Insert","maxRows":0,"truncateTarget":false,"bulkApiDBTarget":false,"verbose":false,"srcFlatFileAttrs":{"@type":"flatFileAttrs","id":6447207,"delimiter":",","textQualifier":"\"","escapeChar":"","headerLineNo":1,"firstDataRow":2},"tgtFlatFileAttrs":{"@type":"flatFileAttrs","id":6447208,"delimiter":",","textQualifier":"\"","escapeChar":"","headerLineNo":1,"firstDataRow":2},"targetMetadataUpdated":false,"modelVersion":"V3-R600","queryAll":false,"srcSettings":{"@type":"taskDataSourceSetting","isShowLabels":false,"isNaturalOrder":true},"tgtSettings":{"@type":"taskDataSourceSetting","isShowLabels":false,"isNaturalOrder":true},"cfSettings":{"@type":"taskDataSourceSetting","isShowLabels":false,"isNaturalOrder":false},"bulkApi":false,"bulkApiSerialMode":false,"bulkApiMonitor":false,"isTargetObjectSfCustom":false,"allowNullUpdates":false,"targetBatchSize":200,"assignmentRuleId":"-1","assignmentRuleType":"None","createSuccessFile":false,"bulkApiHardDelete":false,"parameterFileEncoding":"UTF-8","sourceObjects":[{"@type":"mObject","name":"linux_test.txt","label":"linux_test.txt","metadataUpdated":false,"relations":[],"children":[]}],"advancedFilters":[{"@type":"advancedFilter","id":"115756","objectName":"linux_test.txt","objectLabel":"linux_test.txt","expression":"path=test\\test"}],"filters":[],"fieldMaps":[{"@type":"fieldMap","id":"24527848","targetField":{"@type":"field","id":66840316,"name":"path","type":"nstring","uniqueName":"path","label":"path","parentObject":"linux_test.txt","pcType":"UNISTRING","precision":255,"scale":0,"columnIndex":0,"isKey":false,"isExternalId":false,"isSfIdLookup":false,"isNullable":true,"isUnique":false,"isCreateable":false,"isUpdateable":true,"isFilterable":true,"isCalculated":false,"showLabel":false,"naturalOrder":0,"linkedFields":["path"],"relatedInfos":[],"references":[]},"expression":"path"}],"sourceFields":[{"@type":"field","id":66840317,"name":"path","type":"nstring","uniqueName":"path","label":"path","parentObject":"linux_test.txt","pcType":"UNISTRING","precision":255,"scale":0,"columnIndex":0,"isKey":false,"isExternalId":false,"isSfIdLookup":false,"isNullable":true,"isUnique":false,"isCreateable":false,"isUpdateable":true,"isFilterable":true,"isCalculated":false,"showLabel":false,"naturalOrder":0,"linkedFields":["path"],"relatedInfos":[],"references":[]}],"sortFields":[],"groupFields":[]}]