[{"@type":"drsTask","id":"@1","name":"repro_DRS","maxLogs":10,"sourceConnectionId":"@66MqVLt8XSuigw29qIMjqq","targetConnectionId":"@8NVysQOnpUzkqk8OGEF3Ah","tablePrefix":"SFDC_","verbose":false,"fullRefresh":false,"replicateAllObjects":false,"removeDeleted":true,"queryAll":false,"srcShowLabels":true,"maxRows":0,"stopOnError":true,"replicationObjects":["Account"],"excludedReplicationObjects":[],"majorUpdateTime":1623416540000,"metadataMode":0,"bulkApi":false,"base64BodySize":0.0,"bulkApiDBTarget":true,"fieldExclusions":[],"filters":[],"advancedFilters":[],"srcRuntimeAttrs":{"@type":"taskRuntimeAttrs","attrs":{}}}]