[{"@type":"mappingTemplate","id":"@1","name":"RestV2_Get_Activity_logs","description":"","bundleVersion":"0","templateId":"@3","deployTime":1588565241000,"hasParameters":false,"valid":true,"fixedConnection":true,"hasParametersDeployed":false,"fixedConnectionDeployed":true,"tasks":1,"mappingPreviewFileRecordId":"@2","documentType":"","references":[{"@type":"reference","refObjectId":"@8AKpzroIqbHcf5lbMN5FmE","refType":"connection"},{"@type":"reference","refObjectId":"@0d9r7eq9ZTWlYpdVjwePw7","refType":"businessService"}]}]