[{"@type":"workflow","id":"@1","name":"pavan_lineartaskflow","maxLogs":10,"references":[{"@type":"reference","refObjectId":"@4h0lQDQG8hyh5UKWmAFOmK","refType":"mtTask"},{"@type":"reference","refObjectId":"@1yO35tTxo9LfJT6lvg1t4H","refType":"mtTask"}],"tasks":[{"@type":"workflowTask","taskId":"@4h0lQDQG8hyh5UKWmAFOmK","type":"MTT","name":"Repro1.1","stopOnError":false,"stopOnWarning":false},{"@type":"workflowTask","taskId":"@1yO35tTxo9LfJT6lvg1t4H","type":"MTT","name":"Repro1","stopOnError":false,"stopOnWarning":false}]}]