[{"@type":"mappingTemplate","id":"@1","name":"m_SFDC_to_FF_incr_Buff","description":"","bundleVersion":"0","templateId":"@3","deployTime":1639497116000,"hasParameters":false,"valid":true,"fixedConnection":true,"hasParametersDeployed":false,"fixedConnectionDeployed":true,"tasks":1,"mappingPreviewFileRecordId":"@2","documentType":"MAPPING","references":[{"@type":"reference","refObjectId":"@ln71KIiAg0piQS80qQIE0E","refType":"connection"},{"@type":"reference","refObjectId":"@6gkr9x4r9iRec2QCExbdMv","refType":"connection"}]}]