[{"@type":"mappingTemplate","id":"@1","name":" KM_MAP_SAP_TABLE_TO_FF_02124575","description":"","bundleVersion":"0","templateId":"@3","deployTime":1523530048000,"hasParameters":false,"valid":true,"fixedConnection":true,"hasParametersDeployed":false,"fixedConnectionDeployed":true,"tasks":0,"mappingPreviewFileRecordId":"@2","references":[{"@type":"reference","refObjectId":"@hNdB5leXms4inaoTOIzaSk","refType":"connection"},{"@type":"reference","refObjectId":"@34VoNOwipKmkQ0PAC65O8J","refType":"connection"}]}]